{
  "project_info": {
    "project_number": "766439820410",
    "firebase_url": "https://astrologer-629b3.firebaseio.com",
    "project_id": "astrologer-629b3",
    "storage_bucket": "astrologer-629b3.appspot.com"
  },
  "client": [
    {
      "client_info": {
        "mobilesdk_app_id": "1:766439820410:android:3a9f0252169cf0f332bfc3",
        "android_client_info": {
          "package_name": "com.example.astrologer"
        }
      },
      "oauth_client": [
        {
          "client_id": "766439820410-cam39n5hvsikcenh2tl4jibb1mpms5o9.apps.googleusercontent.com",
          "client_type": 3
        }
      ],
      "api_key": [
        {
          "current_key": "AIzaSyBbkMG32uwLpi3OQdLyhcHrPplWmUp1_dg"
        }
      ],
      "services": {
        "appinvite_service": {
          "other_platform_oauth_client": [
            {
              "client_id": "766439820410-cam39n5hvsikcenh2tl4jibb1mpms5o9.apps.googleusercontent.com",
              "client_type": 3
            }
          ]
        }
      }
    }
  ],
  "configuration_version": "1"
}